,REGION,MONTH,PATIENT COUNT,POSITIVE COUNT,PERCENT POSITIVE
0,Alabama,January,190817.0,5460.0,2.8613802753423436
1,Alabama,February,197516.0,5086.0,2.5749812673403674
2,Alabama,March,231552.0,4296.0,1.8553067993366499
3,Alabama,April,189737.0,3023.0,1.5932580361236868
4,Alabama,May,182084.0,2896.0,1.59047472595066
5,Alabama,June,226648.0,2635.0,1.16259574317885
6,Alabama,July,184067.0,1885.0,1.024083621724698
7,Alabama,August,256072.0,5484.0,2.141585179168359
8,Alabama,September,184882.0,4476.0,2.421003667203946
9,Alabama,October,169917.0,4601.0,2.707792628165516
10,Alabama,November,220559.0,11099.0,5.032213602709479
11,Alabama,December,187854.0,16972.0,9.034675865299647
12,Alaska,January,0.0,0.0,
13,Alaska,February,0.0,0.0,
14,Alaska,March,0.0,0.0,
15,Alaska,April,0.0,0.0,
16,Alaska,May,0.0,0.0,
17,Alaska,June,0.0,0.0,
18,Alaska,July,0.0,0.0,
19,Alaska,August,0.0,0.0,
20,Alaska,September,0.0,0.0,
21,Alaska,October,0.0,0.0,
22,Alaska,November,0.0,0.0,
23,Alaska,December,0.0,0.0,
24,Arizona,January,90321.0,1674.0,1.8533895771747435
25,Arizona,February,90200.0,1566.0,1.7361419068736141
26,Arizona,March,120751.0,1735.0,1.4368411027651944
27,Arizona,April,91916.0,1207.0,1.3131554897950304
28,Arizona,May,88806.0,1214.0,1.3670247505799158
29,Arizona,June,105584.0,989.0,0.9366949537808759
30,Arizona,July,74019.0,465.0,0.6282170793985328
31,Arizona,August,106014.0,893.0,0.8423415775274964
32,Arizona,September,130526.0,880.0,0.6741951795044665
33,Arizona,October,299979.0,5619.0,1.8731311191783426
34,Arizona,November,375726.0,10595.0,2.8198740571586742
35,Arizona,December,323796.0,16330.0,5.043298867187983
36,Arkansas,January,62569.0,1643.0,2.6259010052901597
37,Arkansas,February,61237.0,1294.0,2.1131015562486732
38,Arkansas,March,76457.0,1323.0,1.7303843990739893
39,Arkansas,April,59830.0,748.0,1.2502089252883168
40,Arkansas,May,60473.0,633.0,1.0467481355315595
41,Arkansas,June,70571.0,521.0,0.7382635926938828
42,Arkansas,July,56279.0,322.0,0.5721494696067805
43,Arkansas,August,75855.0,826.0,1.0889196493309603
44,Arkansas,September,62714.0,1055.0,1.6822400102050579
45,Arkansas,October,64314.0,1245.0,1.9358149081070994
46,Arkansas,November,81841.0,2574.0,3.145122860180105
47,Arkansas,December,63917.0,3234.0,5.059686781294491
48,California,January,1136788.0,44136.0,3.8825181124360917
49,California,February,1192553.0,41647.0,3.4922556901035002
50,California,March,1476692.0,48399.0,3.2775284216343015
51,California,April,1118029.0,32329.0,2.891606568344828
52,California,May,1144752.0,32399.0,2.8302199952478793
53,California,June,1320240.0,35377.0,2.67958855965582
54,California,July,1011583.0,20005.0,1.9775935340945825
55,California,August,1322616.0,26382.0,1.9946832640766483
56,California,September,1065204.0,25856.0,2.427328474170206
57,California,October,1087839.0,32594.0,2.996215432614569
58,California,November,1423121.0,68098.0,4.785116655576019
59,California,December,1192896.0,90128.0,7.555394602714738
60,Colorado,January,182303.0,6593.0,3.6165065851905895
61,Colorado,February,202949.0,6511.0,3.208195162331423
62,Colorado,March,257897.0,7707.0,2.988402346673284
63,Colorado,April,205435.0,5238.0,2.5497115876067853
64,Colorado,May,205394.0,4542.0,2.211359630758445
65,Colorado,June,241979.0,3437.0,1.4203711892354296
66,Colorado,July,193914.0,1774.0,0.9148385366708953
67,Colorado,August,255488.0,3083.0,1.2067102955911824
68,Colorado,September,203677.0,3818.0,1.8745366438036697
69,Colorado,October,199763.0,4836.0,2.4208687294443916
70,Colorado,November,257004.0,11563.0,4.499151764174877
71,Colorado,December,210213.0,16518.0,7.857744287936522
72,Connecticut,January,179509.0,4922.0,2.741923803263346
73,Connecticut,February,179811.0,3436.0,1.9108953289843225
74,Connecticut,March,220485.0,3909.0,1.772909721749779
75,Connecticut,April,177791.0,2622.0,1.4747653143297468
76,Connecticut,May,177499.0,2284.0,1.28676781277641
77,Connecticut,June,212055.0,2176.0,1.026148876470727
78,Connecticut,July,166867.0,1291.0,0.773670048601581
79,Connecticut,August,201910.0,1881.0,0.931603189539894
80,Connecticut,September,174785.0,2576.0,1.4738106816946535
81,Connecticut,October,177785.0,3043.0,1.7116179655201507
82,Connecticut,November,227957.0,6114.0,2.6820847791469444
83,Connecticut,December,191893.0,7977.0,4.1570041637787725
84,Delaware,January,0.0,0.0,
85,Delaware,February,0.0,0.0,
86,Delaware,March,0.0,0.0,
87,Delaware,April,0.0,0.0,
88,Delaware,May,0.0,0.0,
89,Delaware,June,0.0,0.0,
90,Delaware,July,0.0,0.0,
91,Delaware,August,0.0,0.0,
92,Delaware,September,0.0,0.0,
93,Delaware,October,0.0,0.0,
94,Delaware,November,0.0,0.0,
95,Delaware,December,0.0,0.0,
96,District of Columbia,January,0.0,0.0,
97,District of Columbia,February,0.0,0.0,
98,District of Columbia,March,0.0,0.0,
99,District of Columbia,April,0.0,0.0,
100,District of Columbia,May,0.0,0.0,
101,District of Columbia,June,0.0,0.0,
102,District of Columbia,July,0.0,0.0,
103,District of Columbia,August,0.0,0.0,
104,District of Columbia,September,0.0,0.0,
105,District of Columbia,October,0.0,0.0,
106,District of Columbia,November,0.0,0.0,
107,District of Columbia,December,0.0,0.0,
108,Florida,January,1043918.0,44605.0,4.272845185158221
109,Florida,February,1052191.0,37107.0,3.5266410756222015
110,Florida,March,1318548.0,39722.0,3.0125562361021365
111,Florida,April,1026364.0,29360.0,2.8605835746382375
112,Florida,May,1001468.0,29064.0,2.9021396589806163
113,Florida,June,1193511.0,30356.0,2.543420211460137
114,Florida,July,943509.0,20391.0,2.1611876516281243
115,Florida,August,1227387.0,36049.0,2.9370524537085694
116,Florida,September,1006040.0,33715.0,3.351258399268419
117,Florida,October,1021948.0,43714.0,4.277517055662323
118,Florida,November,1290956.0,68139.0,5.278181440730745
119,Florida,December,1042869.0,63869.0,6.124355024456571
120,Georgia,January,311475.0,9520.0,3.056425074243519
121,Georgia,February,322413.0,9332.0,2.8944242322735123
122,Georgia,March,390891.0,9567.0,2.447485360369003
123,Georgia,April,317822.0,6759.0,2.1266620938764467
124,Georgia,May,326386.0,7215.0,2.210572757409938
125,Georgia,June,379644.0,6516.0,1.7163447861680943
126,Georgia,July,307049.0,4201.0,1.368185533905012
127,Georgia,August,410947.0,11600.0,2.8227484322795884
128,Georgia,September,329142.0,10542.0,3.2028729241482403
129,Georgia,October,336416.0,12332.0,3.6656996100066586
130,Georgia,November,432253.0,22607.0,5.230038889261613
131,Georgia,December,362448.0,33174.0,9.152761223678983
132,Hawaii,January,136770.0,4756.0,3.4773707684433717
133,Hawaii,February,139897.0,3958.0,2.82922435792047
134,Hawaii,March,171787.0,4265.0,2.4827257010134645
135,Hawaii,April,145062.0,3583.0,2.4699783540830818
136,Hawaii,May,141672.0,3120.0,2.2022700321870237
137,Hawaii,June,165802.0,3276.0,1.9758507135016465
138,Hawaii,July,131897.0,2621.0,1.987156644957808
139,Hawaii,August,176322.0,4422.0,2.507911661619083
140,Hawaii,September,140016.0,4274.0,3.052508284767455
141,Hawaii,October,143750.0,4794.0,3.3349565217391306
142,Hawaii,November,170409.0,6530.0,3.8319572323058058
143,Hawaii,December,134933.0,5932.0,4.3962559196045445
144,Idaho,January,36812.0,792.0,2.151472345974139
145,Idaho,February,36908.0,475.0,1.2869838517394603
146,Idaho,March,45015.0,515.0,1.1440630900810842
147,Idaho,April,25895.0,263.0,1.0156400849584861
148,Idaho,May,8625.0,76.0,0.8811594202898552
149,Idaho,June,0.0,0.0,
150,Idaho,July,40634.0,183.0,0.4503617660087611
151,Idaho,August,50551.0,262.0,0.5182884611580384
152,Idaho,September,41647.0,331.0,0.7947751338631834
153,Idaho,October,39428.0,339.0,0.8597950694937607
154,Idaho,November,51287.0,745.0,1.4526098231520659
155,Idaho,December,48228.0,2192.0,4.545077548312184
156,Illinois,January,278852.0,6030.0,2.1624374220016356
157,Illinois,February,288872.0,6332.0,2.191974300036002
158,Illinois,March,368871.0,8279.0,2.244416069574458
159,Illinois,April,286857.0,4361.0,1.5202696814092038
160,Illinois,May,234019.0,2792.0,1.1930655203209997
161,Illinois,June,348080.0,2806.0,0.8061365203401517
162,Illinois,July,277234.0,1662.0,0.5994935686099108
163,Illinois,August,363565.0,3516.0,0.9670897913715566
164,Illinois,September,297956.0,4195.0,1.407926002497013
165,Illinois,October,295855.0,4706.0,1.5906440655050615
166,Illinois,November,368551.0,9713.0,2.635456151251794
167,Illinois,December,298110.0,10673.0,3.5802220656804535
168,Indiana,January,199192.0,4162.0,2.089441343025824
169,Indiana,February,219434.0,3819.0,1.7403866310599085
170,Indiana,March,277080.0,4756.0,1.7164717771040856
171,Indiana,April,223657.0,2943.0,1.3158541874388014
172,Indiana,May,218335.0,2584.0,1.1835024160120915
173,Indiana,June,272120.0,2191.0,0.8051594884609732
174,Indiana,July,216640.0,1322.0,0.6102289512555392
175,Indiana,August,282094.0,2813.0,0.997185335384659
176,Indiana,September,233417.0,3281.0,1.4056388352176576
177,Indiana,October,278410.0,4893.0,1.75747997557559
178,Indiana,November,374646.0,9128.0,2.436433326393449
179,Indiana,December,284122.0,11123.0,3.914867556894573
180,Iowa,January,26332.0,1336.0,5.073674616436275
181,Iowa,February,27801.0,444.0,1.597064853782238
182,Iowa,March,33378.0,499.0,1.4949967044160823
183,Iowa,April,24644.0,267.0,1.083428014932641
184,Iowa,May,20231.0,179.0,0.8847807819682665
185,Iowa,June,19846.0,137.0,0.6903154288017737
186,Iowa,July,15305.0,94.0,0.6141783730806926
187,Iowa,August,26328.0,230.0,0.8735946520814343
188,Iowa,September,26824.0,196.0,0.7306889352818371
189,Iowa,October,28451.0,247.0,0.8681592914133072
190,Iowa,November,36429.0,809.0,2.2207581871585824
191,Iowa,December,29981.0,1964.0,6.550815516493779
192,Kansas,January,71570.0,1450.0,2.0259885426854827
193,Kansas,February,72673.0,1094.0,1.505373384888473
194,Kansas,March,87610.0,1091.0,1.2452916333751856
195,Kansas,April,69139.0,654.0,0.9459205368894545
196,Kansas,May,66398.0,516.0,0.7771318413205217
197,Kansas,June,76415.0,370.0,0.484198128639665
198,Kansas,July,60465.0,238.0,0.39361614156950303
199,Kansas,August,79833.0,428.0,0.5361191487229592
200,Kansas,September,70955.0,461.0,0.6497075611302938
201,Kansas,October,78733.0,742.0,0.9424256664930842
202,Kansas,November,95506.0,1482.0,1.55173496953071
203,Kansas,December,75469.0,2293.0,3.0383336204269304
204,Kentucky,January,140114.0,3597.0,2.5671952838403014
205,Kentucky,February,142444.0,3181.0,2.2331582937856282
206,Kentucky,March,181549.0,3532.0,1.9454802835598102
207,Kentucky,April,141196.0,2074.0,1.4688801382475425
208,Kentucky,May,127415.0,1609.0,1.2628026527488914
209,Kentucky,June,141693.0,977.0,0.6895188894299649
210,Kentucky,July,128296.0,763.0,0.5947184635530336
211,Kentucky,August,167597.0,1846.0,1.1014516966294146
212,Kentucky,September,142542.0,2264.0,1.5883037981787824
213,Kentucky,October,151959.0,2240.0,1.4740818247027159
214,Kentucky,November,198136.0,5102.0,2.5749989905923205
215,Kentucky,December,164454.0,7655.0,4.654797086115266
216,Louisiana,January,172171.0,3962.0,2.3012005506153765
217,Louisiana,February,169091.0,2918.0,1.7256979969365607
218,Louisiana,March,214162.0,2939.0,1.372325622659482
219,Louisiana,April,168534.0,2200.0,1.3053745831701615
220,Louisiana,May,172104.0,2220.0,1.289917724166783
221,Louisiana,June,210712.0,1841.0,0.8737043927256161
222,Louisiana,July,166767.0,1369.0,0.8209058146995509
223,Louisiana,August,219361.0,3233.0,1.4738262498803343
224,Louisiana,September,179287.0,3267.0,1.822218007998349
225,Louisiana,October,174050.0,4827.0,2.773340993967251
226,Louisiana,November,224104.0,14720.0,6.568378966908221
227,Louisiana,December,189117.0,22967.0,12.144333930847042
228,Maine,January,0.0,0.0,
229,Maine,February,0.0,0.0,
230,Maine,March,0.0,0.0,
231,Maine,April,0.0,0.0,
232,Maine,May,0.0,0.0,
233,Maine,June,0.0,0.0,
234,Maine,July,0.0,0.0,
235,Maine,August,0.0,0.0,
236,Maine,September,0.0,0.0,
237,Maine,October,65396.0,538.0,0.8226802862560402
238,Maine,November,77225.0,1002.0,1.2975072839106507
239,Maine,December,64620.0,2015.0,3.1182296502630766
240,Maryland,January,171039.0,4437.0,2.5941451949555367
241,Maryland,February,178422.0,4026.0,2.2564481958502873
242,Maryland,March,229330.0,5003.0,2.181572406575677
243,Maryland,April,180721.0,3014.0,1.6677641225978166
244,Maryland,May,184294.0,3128.0,1.6972880289103283
245,Maryland,June,222348.0,3217.0,1.4468310936010218
246,Maryland,July,177078.0,1815.0,1.0249720462169214
247,Maryland,August,222405.0,2604.0,1.170836986578539
248,Maryland,September,184778.0,3199.0,1.7312667092402776
249,Maryland,October,195709.0,4883.0,2.495030887695507
250,Maryland,November,240537.0,7547.0,3.137563036040193
251,Maryland,December,198346.0,9784.0,4.9327942081009954
252,Massachusetts,January,318070.0,9753.0,3.066306159021599
253,Massachusetts,February,314821.0,5432.0,1.7254249240044341
254,Massachusetts,March,401807.0,6214.0,1.5465136247004159
255,Massachusetts,April,323475.0,4552.0,1.407218486745498
256,Massachusetts,May,337713.0,4297.0,1.2723821706597023
257,Massachusetts,June,413480.0,4389.0,1.0614781851601045
258,Massachusetts,July,321428.0,2479.0,0.7712458155481166
259,Massachusetts,August,402726.0,3241.0,0.8047655229610207
260,Massachusetts,September,329542.0,3682.0,1.1173082641969765
261,Massachusetts,October,361832.0,4995.0,1.380474916535851
262,Massachusetts,November,440702.0,9783.0,2.2198673933860067
263,Massachusetts,December,362464.0,17777.0,4.904487066301757
264,Michigan,January,320568.0,4998.0,1.559107584038332
265,Michigan,February,326199.0,3769.0,1.155429661035135
266,Michigan,March,424942.0,5221.0,1.2286382612215314
267,Michigan,April,342536.0,3300.0,0.9634023869023985
268,Michigan,May,351565.0,3414.0,0.9710864278298466
269,Michigan,June,435010.0,3164.0,0.7273396013884739
270,Michigan,July,343463.0,1455.0,0.42362641681927893
271,Michigan,August,424630.0,1946.0,0.4582813272731554
272,Michigan,September,355012.0,3193.0,0.899406217254628
273,Michigan,October,569670.0,6414.0,1.1259150034230343
274,Michigan,November,740583.0,11892.0,1.6057619470066151
275,Michigan,December,598824.0,20256.0,3.3826299547112337
276,Minnesota,January,135171.0,1974.0,1.4603724171604855
277,Minnesota,February,138681.0,1865.0,1.3448129159726279
278,Minnesota,March,180597.0,2477.0,1.3715620968233138
279,Minnesota,April,139273.0,1821.0,1.3075039670287851
280,Minnesota,May,143046.0,1699.0,1.187729821176405
281,Minnesota,June,146071.0,1311.0,0.8975087457469312
282,Minnesota,July,120189.0,782.0,0.6506419056652439
283,Minnesota,August,168300.0,911.0,0.5412953060011884
284,Minnesota,September,138603.0,1014.0,0.7315858964091686
285,Minnesota,October,149863.0,1208.0,0.8060695435164116
286,Minnesota,November,190045.0,2062.0,1.0850061827461916
287,Minnesota,December,144404.0,3047.0,2.110052353120412
288,Mississippi,January,50566.0,1850.0,3.658584819839418
289,Mississippi,February,49705.0,1585.0,3.1888140026154312
290,Mississippi,March,63154.0,1535.0,2.4305665516040156
291,Mississippi,April,51520.0,1101.0,2.137034161490683
292,Mississippi,May,48962.0,925.0,1.8892202115926637
293,Mississippi,June,56769.0,893.0,1.5730416248304533
294,Mississippi,July,44083.0,628.0,1.4245854410997436
295,Mississippi,August,57340.0,1695.0,2.9560516219044297
296,Mississippi,September,40355.0,1103.0,2.7332424730516665
297,Mississippi,October,60626.0,2044.0,3.3714907795335334
298,Mississippi,November,79593.0,4370.0,5.490432575729021
299,Mississippi,December,57564.0,4996.0,8.679035508303802
300,Missouri,January,120111.0,2782.0,2.3161908567908016
301,Missouri,February,118109.0,1912.0,1.618843610563124
302,Missouri,March,153373.0,2427.0,1.58241672263045
303,Missouri,April,117964.0,1378.0,1.168152995829236
304,Missouri,May,117270.0,1163.0,0.9917284898098405
305,Missouri,June,147050.0,1037.0,0.7052023121387283
306,Missouri,July,114488.0,665.0,0.580846900985256
307,Missouri,August,139955.0,1011.0,0.7223750491229324
308,Missouri,September,119672.0,1491.0,1.2459054749649041
309,Missouri,October,120039.0,1573.0,1.310407450911787
310,Missouri,November,152342.0,2647.0,1.737537908127765
311,Missouri,December,135855.0,4622.0,3.4021567111994404
312,Montana,January,31870.0,839.0,2.6325698148729213
313,Montana,February,32057.0,439.0,1.3694356926724274
314,Montana,March,41847.0,533.0,1.2736874805840324
315,Montana,April,31367.0,373.0,1.1891478305225236
316,Montana,May,32210.0,297.0,0.9220738900962434
317,Montana,June,36637.0,237.0,0.6468870267762099
318,Montana,July,26659.0,129.0,0.48388911812145996
319,Montana,August,37514.0,164.0,0.4371701231540225
320,Montana,September,29280.0,200.0,0.6830601092896175
321,Montana,October,28422.0,198.0,0.6966434452184928
322,Montana,November,34458.0,614.0,1.7818793894015903
323,Montana,December,30536.0,1660.0,5.436206444851978
324,Nebraska,January,69890.0,2549.0,3.6471598225783373
325,Nebraska,February,69419.0,1714.0,2.4690646652933634
326,Nebraska,March,84459.0,2262.0,2.6782225695307784
327,Nebraska,April,66322.0,1428.0,2.1531316908416516
328,Nebraska,May,64428.0,1167.0,1.8113242689513875
329,Nebraska,June,75753.0,919.0,1.2131532744577773
330,Nebraska,July,59750.0,632.0,1.0577405857740585
331,Nebraska,August,79169.0,921.0,1.163334133309755
332,Nebraska,September,66690.0,1085.0,1.6269305742989952
333,Nebraska,October,65980.0,1307.0,1.9809033040315247
334,Nebraska,November,90734.0,2551.0,2.811514977847334
335,Nebraska,December,76914.0,3914.0,5.088800478456458
336,Nevada,January,0.0,0.0,
337,Nevada,February,0.0,0.0,
338,Nevada,March,0.0,0.0,
339,Nevada,April,0.0,0.0,
340,Nevada,May,0.0,0.0,
341,Nevada,June,0.0,0.0,
342,Nevada,July,0.0,0.0,
343,Nevada,August,0.0,0.0,
344,Nevada,September,0.0,0.0,
345,Nevada,October,0.0,0.0,
346,Nevada,November,0.0,0.0,
347,Nevada,December,0.0,0.0,
348,New Hampshire,January,0.0,0.0,
349,New Hampshire,February,0.0,0.0,
350,New Hampshire,March,0.0,0.0,
351,New Hampshire,April,0.0,0.0,
352,New Hampshire,May,0.0,0.0,
353,New Hampshire,June,0.0,0.0,
354,New Hampshire,July,0.0,0.0,
355,New Hampshire,August,0.0,0.0,
356,New Hampshire,September,0.0,0.0,
357,New Hampshire,October,0.0,0.0,
358,New Hampshire,November,0.0,0.0,
359,New Hampshire,December,0.0,0.0,
360,New Jersey,January,0.0,0.0,
361,New Jersey,February,0.0,0.0,
362,New Jersey,March,0.0,0.0,
363,New Jersey,April,0.0,0.0,
364,New Jersey,May,0.0,0.0,
365,New Jersey,June,0.0,0.0,
366,New Jersey,July,0.0,0.0,
367,New Jersey,August,0.0,0.0,
368,New Jersey,September,0.0,0.0,
369,New Jersey,October,120398.0,4086.0,3.3937440821276104
370,New Jersey,November,142698.0,6254.0,4.382682308091214
371,New Jersey,December,124921.0,10103.0,8.087511307146118
372,New Mexico,January,102402.0,5373.0,5.246967832659519
373,New Mexico,February,106948.0,3673.0,3.434379324531548
374,New Mexico,March,132796.0,4337.0,3.2659116238440915
375,New Mexico,April,103672.0,2760.0,2.662242456979705
376,New Mexico,May,97450.0,2314.0,2.374551051821447
377,New Mexico,June,113101.0,1874.0,1.6569261102908022
378,New Mexico,July,87420.0,1109.0,1.26858842370167
379,New Mexico,August,95037.0,2069.0,2.1770468343908163
380,New Mexico,September,95740.0,2543.0,2.656152078546062
381,New Mexico,October,98470.0,3150.0,3.1989438407636843
382,New Mexico,November,131474.0,6316.0,4.803991663751008
383,New Mexico,December,117380.0,15243.0,12.986028284205146
384,New York,January,251682.0,7296.0,2.8988962261901925
385,New York,February,246095.0,5460.0,2.2186553973059184
386,New York,March,314560.0,6597.0,2.0972151576805698
387,New York,April,245128.0,4057.0,1.6550536862373944
388,New York,May,255917.0,3810.0,1.4887639351821098
389,New York,June,305730.0,3918.0,1.2815229123736631
390,New York,July,243008.0,2330.0,0.9588161706610482
391,New York,August,313045.0,3073.0,0.9816480058777493
392,New York,September,255600.0,3329.0,1.3024256651017214
393,New York,October,258868.0,3937.0,1.5208523262821205
394,New York,November,317570.0,7182.0,2.261548634946626
395,New York,December,241359.0,11061.0,4.582799895591215
396,New York City,January,0.0,0.0,
397,New York City,February,0.0,0.0,
398,New York City,March,0.0,0.0,
399,New York City,April,0.0,0.0,
400,New York City,May,0.0,0.0,
401,New York City,June,0.0,0.0,
402,New York City,July,0.0,0.0,
403,New York City,August,0.0,0.0,
404,New York City,September,0.0,0.0,
405,New York City,October,0.0,0.0,
406,New York City,November,0.0,0.0,
407,New York City,December,0.0,0.0,
408,North Carolina,January,371658.0,9093.0,2.446604136060572
409,North Carolina,February,374636.0,7903.0,2.1095143018823608
410,North Carolina,March,457629.0,8178.0,1.7870370977363759
411,North Carolina,April,363894.0,5081.0,1.3962857315591903
412,North Carolina,May,363968.0,4134.0,1.135814137506594
413,North Carolina,June,442033.0,4097.0,0.926853877425441
414,North Carolina,July,355463.0,2448.0,0.6886792718229464
415,North Carolina,August,445689.0,4384.0,0.9836455465582502
416,North Carolina,September,377737.0,6169.0,1.6331468720300102
417,North Carolina,October,379780.0,6747.0,1.7765548475433146
418,North Carolina,November,476410.0,14925.0,3.1328057765370163
419,North Carolina,December,428725.0,31979.0,7.459093824712812
420,North Dakota,January,0.0,0.0,
421,North Dakota,February,0.0,0.0,
422,North Dakota,March,0.0,0.0,
423,North Dakota,April,0.0,0.0,
424,North Dakota,May,0.0,0.0,
425,North Dakota,June,0.0,0.0,
426,North Dakota,July,0.0,0.0,
427,North Dakota,August,0.0,0.0,
428,North Dakota,September,0.0,0.0,
429,North Dakota,October,11889.0,186.0,1.5644713600807472
430,North Dakota,November,19695.0,566.0,2.873825844122874
431,North Dakota,December,15585.0,1164.0,7.4687199230028885
432,Ohio,January,174123.0,5397.0,3.0995330886786925
433,Ohio,February,179154.0,4067.0,2.270113980151155
434,Ohio,March,223538.0,5165.0,2.310569120239064
435,Ohio,April,170388.0,3022.0,1.7735990797474
436,Ohio,May,162954.0,2837.0,1.7409821176528346
437,Ohio,June,179912.0,2232.0,1.2406065187424964
438,Ohio,July,142449.0,1526.0,1.0712605915099438
439,Ohio,August,189213.0,2130.0,1.1257154635252336
440,Ohio,September,170471.0,2902.0,1.702342333886702
441,Ohio,October,177611.0,3314.0,1.8658754243824989
442,Ohio,November,230175.0,6183.0,2.6862170087976542
443,Ohio,December,190087.0,11254.0,5.920446953237201
444,Oklahoma,January,60053.0,2542.0,4.232927580637104
445,Oklahoma,February,70264.0,1426.0,2.029488785153137
446,Oklahoma,March,88046.0,1916.0,2.176135202053472
447,Oklahoma,April,72121.0,1276.0,1.7692489011522303
448,Oklahoma,May,55898.0,658.0,1.1771440838670437
449,Oklahoma,June,0.0,0.0,
450,Oklahoma,July,74198.0,319.0,0.4299307258955767
451,Oklahoma,August,84223.0,551.0,0.6542155943150921
452,Oklahoma,September,66454.0,866.0,1.3031570710566707
453,Oklahoma,October,90675.0,1002.0,1.1050454921422663
454,Oklahoma,November,102224.0,1944.0,1.9017060572859603
455,Oklahoma,December,87355.0,2406.0,2.754278518688112
456,Oregon,January,176150.0,3610.0,2.0493897246664776
457,Oregon,February,173405.0,2300.0,1.326374672010611
458,Oregon,March,218205.0,2945.0,1.349648266538347
459,Oregon,April,171678.0,2026.0,1.1801162641689673
460,Oregon,May,135136.0,1376.0,1.018233483305707
461,Oregon,June,210892.0,2049.0,0.9715873527682415
462,Oregon,July,166702.0,1136.0,0.6814555314273374
463,Oregon,August,207925.0,1448.0,0.6964049537092701
464,Oregon,September,173772.0,1649.0,0.9489445940657874
465,Oregon,October,167723.0,1870.0,1.1149335511527936
466,Oregon,November,204767.0,2795.0,1.3649660345661165
467,Oregon,December,169812.0,4091.0,2.409134807905213
468,Pennsylvania,January,266391.0,4772.0,1.7913518099335188
469,Pennsylvania,February,270940.0,3954.0,1.4593636967594301
470,Pennsylvania,March,334482.0,4588.0,1.371673214104197
471,Pennsylvania,April,251326.0,2558.0,1.0178015804174658
472,Pennsylvania,May,263699.0,2415.0,0.9158168972957804
473,Pennsylvania,June,321827.0,2195.0,0.682043458131232
474,Pennsylvania,July,265420.0,1382.0,0.5206841986285886
475,Pennsylvania,August,328309.0,1875.0,0.5711083156416669
476,Pennsylvania,September,273686.0,2693.0,0.9839743355524214
477,Pennsylvania,October,274310.0,3091.0,1.1268273121650687
478,Pennsylvania,November,338228.0,5653.0,1.671357782324349
479,Pennsylvania,December,284583.0,9822.0,3.4513656824195404
480,Puerto Rico,January,6473.0,226.0,3.491425923065039
481,Puerto Rico,February,7777.0,222.0,2.8545711714028545
482,Puerto Rico,March,10171.0,286.0,2.811916232425524
483,Puerto Rico,April,7843.0,250.0,3.187555782226189
484,Puerto Rico,May,7599.0,262.0,3.4478220818528755
485,Puerto Rico,June,9643.0,407.0,4.220678212174635
486,Puerto Rico,July,6473.0,243.0,3.754055306658427
487,Puerto Rico,August,7742.0,249.0,3.2162231981400153
488,Puerto Rico,September,8030.0,397.0,4.943960149439602
489,Puerto Rico,October,7164.0,491.0,6.853713009491905
490,Puerto Rico,November,9697.0,774.0,7.981850056718573
491,Puerto Rico,December,7675.0,347.0,4.521172638436481
492,Rhode Island,January,0.0,0.0,
493,Rhode Island,February,0.0,0.0,
494,Rhode Island,March,0.0,0.0,
495,Rhode Island,April,0.0,0.0,
496,Rhode Island,May,0.0,0.0,
497,Rhode Island,June,0.0,0.0,
498,Rhode Island,July,0.0,0.0,
499,Rhode Island,August,0.0,0.0,
500,Rhode Island,September,0.0,0.0,
501,Rhode Island,October,0.0,0.0,
502,Rhode Island,November,0.0,0.0,
503,Rhode Island,December,0.0,0.0,
504,South Carolina,January,133191.0,4737.0,3.556546613509922
505,South Carolina,February,131288.0,3716.0,2.8304186216562064
506,South Carolina,March,182943.0,4031.0,2.2034185511334132
507,South Carolina,April,142303.0,2698.0,1.8959544071453167
508,South Carolina,May,140521.0,2368.0,1.6851573786124494
509,South Carolina,June,173971.0,2323.0,1.3352800179340236
510,South Carolina,July,137786.0,1365.0,0.9906666860203504
511,South Carolina,August,164016.0,2721.0,1.6589844893181154
512,South Carolina,September,134353.0,2870.0,2.1361636881945323
513,South Carolina,October,135063.0,3567.0,2.640989760334066
514,South Carolina,November,167331.0,9966.0,5.955859942270111
515,South Carolina,December,122668.0,16785.0,13.683275181791501
516,South Dakota,January,33020.0,428.0,1.2961841308298
517,South Dakota,February,32788.0,364.0,1.1101622544833476
518,South Dakota,March,43963.0,384.0,0.8734617746741579
519,South Dakota,April,35047.0,288.0,0.8217536451051446
520,South Dakota,May,34579.0,235.0,0.679603227392348
521,South Dakota,June,40499.0,229.0,0.565446060396553
522,South Dakota,July,33334.0,132.0,0.3959920801583968
523,South Dakota,August,44071.0,144.0,0.3267454788863425
524,South Dakota,September,34091.0,213.0,0.6247983338711097
525,South Dakota,October,33451.0,253.0,0.756330154554423
526,South Dakota,November,39957.0,325.0,0.8133743774557649
527,South Dakota,December,32773.0,598.0,1.824672748909163
528,Tennessee,January,137626.0,4211.0,3.0597416185895105
529,Tennessee,February,136968.0,3321.0,2.4246539337655513
530,Tennessee,March,174714.0,3617.0,2.0702405073434296
531,Tennessee,April,141596.0,2661.0,1.8792903754343344
532,Tennessee,May,143549.0,2674.0,1.8627785634173697
533,Tennessee,June,102075.0,1309.0,1.2823903992162626
534,Tennessee,July,101358.0,923.0,0.9106335957694509
535,Tennessee,August,148643.0,2666.0,1.7935590643353538
536,Tennessee,September,145873.0,2795.0,1.9160502628999199
537,Tennessee,October,138156.0,2982.0,2.1584296013202464
538,Tennessee,November,178841.0,6804.0,3.8044967317337743
539,Tennessee,December,146473.0,13894.0,9.485707263454698
540,Texas,January,264905.0,11028.0,4.16300183084502
541,Texas,February,240119.0,7573.0,3.1538528812796987
542,Texas,March,319470.0,8129.0,2.544526872632798
543,Texas,April,260107.0,6454.0,2.481286547459315
544,Texas,May,206542.0,5335.0,2.583009751043371
545,Texas,June,260888.0,4196.0,1.6083530097206464
546,Texas,July,204655.0,2853.0,1.3940534069531652
547,Texas,August,266411.0,6128.0,2.300205321852326
548,Texas,September,217644.0,6024.0,2.767822682913381
549,Texas,October,229929.0,8419.0,3.661565091832696
550,Texas,November,284396.0,17901.0,6.294392326193055
551,Texas,December,235148.0,23252.0,9.888240597410993
552,Utah,January,0.0,0.0,
553,Utah,February,0.0,0.0,
554,Utah,March,0.0,0.0,
555,Utah,April,0.0,0.0,
556,Utah,May,0.0,0.0,
557,Utah,June,0.0,0.0,
558,Utah,July,0.0,0.0,
559,Utah,August,0.0,0.0,
560,Utah,September,0.0,0.0,
561,Utah,October,0.0,0.0,
562,Utah,November,0.0,0.0,
563,Utah,December,0.0,0.0,
564,Vermont,January,25680.0,475.0,1.849688473520249
565,Vermont,February,24574.0,207.0,0.8423537071701799
566,Vermont,March,29765.0,222.0,0.7458424323870317
567,Vermont,April,23547.0,127.0,0.5393468382384168
568,Vermont,May,23416.0,104.0,0.4441407584557568
569,Vermont,June,29820.0,112.0,0.3755868544600939
570,Vermont,July,21487.0,86.0,0.40024200679480615
571,Vermont,August,26859.0,84.0,0.3127443315089914
572,Vermont,September,21984.0,109.0,0.49581513828238716
573,Vermont,October,26576.0,190.0,0.7149307645996388
574,Vermont,November,31593.0,399.0,1.262937992593296
575,Vermont,December,23794.0,509.0,2.139194754980247
576,Virgin Islands,January,0.0,0.0,
577,Virgin Islands,February,0.0,0.0,
578,Virgin Islands,March,0.0,0.0,
579,Virgin Islands,April,0.0,0.0,
580,Virgin Islands,May,0.0,0.0,
581,Virgin Islands,June,0.0,0.0,
582,Virgin Islands,July,0.0,0.0,
583,Virgin Islands,August,0.0,0.0,
584,Virgin Islands,September,0.0,0.0,
585,Virgin Islands,October,0.0,0.0,
586,Virgin Islands,November,0.0,0.0,
587,Virgin Islands,December,0.0,0.0,
588,Virginia,January,437983.0,15694.0,3.583244098515239
589,Virginia,February,443586.0,13751.0,3.099962577718864
590,Virginia,March,554442.0,15704.0,2.832397257062055
591,Virginia,April,433761.0,9767.0,2.2517008214200906
592,Virginia,May,448449.0,9854.0,2.1973513153112174
593,Virginia,June,547235.0,9339.0,1.7065794402770291
594,Virginia,July,433033.0,5324.0,1.2294675001674238
595,Virginia,August,559276.0,8908.0,1.59277351432924
596,Virginia,September,468702.0,11119.0,2.372296256469996
597,Virginia,October,468741.0,13414.0,2.8617082781322734
598,Virginia,November,533273.0,19468.0,3.650662981249754
599,Virginia,December,511632.0,32272.0,6.307658629640053
600,Washington,January,192642.0,3847.0,1.9969684700117316
601,Washington,February,189182.0,2625.0,1.387552727003626
602,Washington,March,256885.0,3575.0,1.391673316853845
603,Washington,April,196565.0,2415.0,1.228601226057538
604,Washington,May,196688.0,2080.0,1.0575124054339868
605,Washington,June,235770.0,2581.0,1.094710947109471
606,Washington,July,182476.0,1384.0,0.7584559065301738
607,Washington,August,231495.0,1984.0,0.8570379489837793
608,Washington,September,192276.0,2496.0,1.2981339324720713
609,Washington,October,313765.0,3207.0,1.0221025289627588
610,Washington,November,378861.0,6380.0,1.6839949216203305
611,Washington,December,304513.0,10914.0,3.5840834381454982
612,West Virginia,January,55218.0,1304.0,2.361548770328516
613,West Virginia,February,57352.0,1140.0,1.987724926768029
614,West Virginia,March,69809.0,1447.0,2.07279863627899
615,West Virginia,April,46972.0,615.0,1.3092906412330751
616,West Virginia,May,47109.0,1218.0,2.5854932178564605
617,West Virginia,June,56003.0,330.0,0.5892541470992625
618,West Virginia,July,42424.0,165.0,0.3889307938902508
619,West Virginia,August,57028.0,400.0,0.7014098337658694
620,West Virginia,September,49241.0,782.0,1.5881074714160965
621,West Virginia,October,61803.0,980.0,1.5856835428700873
622,West Virginia,November,78868.0,1552.0,1.9678450068468836
623,West Virginia,December,57491.0,1844.0,3.2074585587309317
624,Wisconsin,January,128304.0,5076.0,3.9562289562289563
625,Wisconsin,February,119290.0,1607.0,1.3471372286025651
626,Wisconsin,March,144238.0,1701.0,1.1793008777159972
627,Wisconsin,April,107940.0,1178.0,1.0913470446544375
628,Wisconsin,May,101504.0,940.0,0.9260718789407313
629,Wisconsin,June,121537.0,911.0,0.7495659757933798
630,Wisconsin,July,91051.0,452.0,0.49642508044941847
631,Wisconsin,August,120425.0,684.0,0.5679883745069545
632,Wisconsin,September,104416.0,1001.0,0.9586653386454184
633,Wisconsin,October,141103.0,1599.0,1.1332147438396065
634,Wisconsin,November,186903.0,4359.0,2.3322258069693906
635,Wisconsin,December,178123.0,11452.0,6.429265170696653
636,Wyoming,January,10630.0,283.0,2.6622765757290687
637,Wyoming,February,5389.0,126.0,2.338096121729449
638,Wyoming,March,5074.0,99.0,1.951123374063855
639,Wyoming,April,0.0,0.0,
640,Wyoming,May,2249.0,25.0,1.1116051578479325
641,Wyoming,June,0.0,0.0,
642,Wyoming,July,0.0,0.0,
643,Wyoming,August,0.0,0.0,
644,Wyoming,September,0.0,0.0,
645,Wyoming,October,6410.0,310.0,4.83619344773791
646,Wyoming,November,15182.0,808.0,5.322091950994599
647,Wyoming,December,11329.0,928.0,8.191367287492277
